eta,ada_acc,rf_acc
0.05,0.9035087719298246,0.956140350877193
0.1,0.9473684210526315,0.9473684210526315
0.2,0.9122807017543859,0.9298245614035088
