eta,ada_acc,rf_acc
0.05,0.8491029737036127,0.8300565249447038
0.1,0.848365691816171,0.8322683706070287
0.2,0.8494716146473335,0.8311010076185795
